Index,Group,Instance,Sample,Optimization time (s),Read instance time (s),Model construction time (s),ISF & LODF computation time (s),Total time (s),User-callback time,User-callback calls,Gap (%),B&B Nodes,Simplex iterations,Primal bound,Dual bound,Root relaxation iterations,Root relaxation time,Root relaxation value,Rows,Cols,Nonzeros,Rows (presolved),Cols (presolved),Nonzeros (presolved),Bin vars (presolved),Cont vars (presolved),Buses,Transmission screening constraints,Transmission screening time,Transmission screening calls
0,matpower/case118,2017-08-01,3,1.28,2.1,2.45,0.47,15.11,0.0,0,0.013,3.0,24281.0,7060822.194746,7059902.743247,12125.0,0.44,7059880.0,42184,38520,135277,29283,20300,97500,11664,26856,0,0,0.9,2
1,matpower/case118,2017-02-01,1,0.87,1.98,2.35,0.47,14.29,0.0,0,0.009,2.0,26198.0,5766283.501723,5765741.474991,13073.0,0.5,5765741.0,41994,38520,135082,29320,20334,97627,11664,26856,0,0,0.9,2
2,matpower/case118,2017-02-01,2,0.89,2.06,2.4,0.5,14.57,0.0,0,0.009,2.0,26202.0,5766283.501723,5765741.474991,13073.0,0.49,5765741.0,41994,38520,135082,29320,20334,97627,11664,26856,0,0,0.89,2
3,matpower/case118,2017-08-01,2,1.24,1.94,2.42,0.45,14.68,0.0,0,0.013,3.0,24288.0,7060822.194746,7059902.743247,12125.0,0.44,7059880.0,42184,38520,135277,29283,20300,97500,11664,26856,0,0,0.88,2
4,matpower/case118,2017-02-01,3,0.87,1.94,2.47,0.47,14.47,0.0,0,0.009,2.0,26198.0,5766283.501723,5765741.474991,13073.0,0.49,5765741.0,41994,38520,135082,29320,20334,97627,11664,26856,0,0,0.89,2
5,matpower/case118,2017-08-01,1,1.21,1.96,2.32,0.46,14.54,0.0,0,0.013,3.0,24287.0,7060822.194746,7059902.743247,12125.0,0.45,7059880.0,42184,38520,135277,29283,20300,97500,11664,26856,0,0,0.92,2
6,matpower/case1354pegase,2017-08-01,3,268.62,2.36,3.94,0.79,298.3,0.0,0,0.085,1050.0,318788.0,26172640.74388,26150331.20928,119460.0,25.75,25914240.0,225062,280126,738204,135151,100484,506645,41930,58554,0,10,11.39,5
7,matpower/case1354pegase,2017-02-01,1,40.0,2.04,3.7,0.63,65.24,0.0,0,0.091,75.0,75976.0,19112529.57295,19095058.58968,42045.0,8.86,19079310.0,225404,280356,756807,135346,105186,501100,55584,224772,0,24,9.07,3
8,matpower/case1354pegase,2017-02-01,2,47.05,2.09,5.13,0.65,81.27,0.0,0,0.0,33.0,109051.0,19112529.57295,19112529.57295,73203.0,16.07,19086040.0,225458,280374,780189,135943,105650,537369,55584,224790,0,42,10.23,4
9,matpower/case1354pegase,2017-08-01,2,238.24,3.37,6.64,0.99,275.32,0.0,0,0.089,1041.0,308877.0,26173679.19116,26150263.96652,122149.0,29.83,25914270.0,225080,280132,745592,135313,100960,511677,41930,59030,0,16,11.860000000000001,5
10,matpower/case1354pegase,2017-02-01,3,47.64,2.43,4.24,0.64,75.79,0.0,0,0.041,71.0,109477.0,19112551.11509,19104775.63603,76025.0,15.58,19086040.0,225470,280378,785385,135955,105746,540429,42040,63706,0,46,9.620000000000001,4
11,matpower/case1354pegase,2017-08-01,1,262.54,2.04,3.51,0.57,291.26,0.0,0,0.089,1061.0,307908.0,26176307.75107,26152970.93744,121889.0,33.11,25914270.0,225080,280132,745708,135313,101656,512441,41930,59726,0,16,12.810000000000002,5
12,matpower/case1888rte,2017-08-01,3,635.8900000000001,2.44,3.93,0.75,687.35,0.0,0,0.092,2125.0,469220.0,30117462.87219,30089598.99574,147332.0,39.22,29703780.0,264459,351167,851541,139092,109209,494125,44004,65205,0,563,31.949999999999996,8
13,matpower/case1888rte,2017-02-01,1,219.01999999999998,2.09,3.76,0.62,269.02,0.0,0,0.057,652.0,337161.0,26398412.54917,26383387.83301,205359.0,47.910000000000004,26329270.0,268054,353208,860844,144636,109419,508173,45724,63695,0,516,33.199999999999996,9
14,matpower/case1888rte,2017-02-01,2,203.75,2.14,3.92,0.66,257.72,0.0,0,0.057,575.0,350155.0,26398443.95173,26383343.18816,204723.0,44.13,26329270.0,268054,353208,860844,144636,109419,508173,45724,63695,0,516,35.980000000000004,9
15,matpower/case1888rte,2017-08-01,2,644.9300000000001,2.74,4.58,0.86,698.32,0.0,0,0.075,2100.0,547296.0,30113676.04843,30091114.37821,170483.0,37.550000000000004,29691700.0,264522,351188,851667,139131,109298,494376,44004,65294,0,584,33.46,9
16,matpower/case1888rte,2017-02-01,3,203.48000000000002,2.34,4.4,0.9,255.72,0.0,0,0.063,289.0,326559.0,26399823.31742,26383179.01763,205375.0,38.949999999999996,26329270.0,268054,353208,860844,144636,109419,508173,45724,63695,0,516,33.230000000000004,9
17,matpower/case1888rte,2017-08-01,1,510.57000000000005,2.07,3.69,0.65,562.57,0.0,0,0.099,1059.0,420130.0,30117834.336,30087916.7734,172232.0,39.2,29702670.0,264447,351163,852262,139107,109426,494503,44004,65422,0,559,34.82,9
18,matpower/case1951rte,2017-08-01,3,347.89,2.7,5.22,0.86,382.85,0.0,0,0.074,1086.0,227984.0,31900468.08155,31876858.75379,40645.0,10.7,31545970.0,325806,396252,1044766,180232,138526,635571,78624,317628,0,36,13.209999999999999,3
19,matpower/case1951rte,2017-02-01,1,58.68000000000001,2.36,4.71,0.73,86.43,0.0,0,0.096,36.0,58602.0,28378174.69046,28350882.39624,25395.0,4.5,28330120.0,330944,399096,1067942,188227,142157,655798,81216,317880,0,0,8.39,2
20,matpower/case1951rte,2017-02-01,2,50.400000000000006,2.19,4.76,0.82,78.43,0.0,0,0.089,36.0,58012.0,28380526.73718,28355131.25714,25395.0,6.27,28330120.0,330944,399096,1067942,188227,142157,655798,81216,317880,0,0,8.35,2
21,matpower/case1951rte,2017-08-01,2,317.58,2.26,4.6,0.84,347.62,0.0,0,0.097,1079.0,233882.0,31900652.94233,31869717.00446,40645.0,7.27,31545970.0,325806,396252,1044766,180232,138526,635571,78624,317628,0,36,11.65,3
22,matpower/case1951rte,2017-02-01,3,66.64,2.47,4.92,0.81,95.36,0.0,0,0.088,34.0,58815.0,28375767.96119,28350826.73008,25395.0,8.56,28330120.0,330944,399096,1067942,188227,142157,655798,81216,317880,0,0,8.83,2
23,matpower/case1951rte,2017-08-01,1,313.89,2.23,4.66,0.74,345.93,0.0,0,0.068,1052.0,221972.0,31900502.99265,31878840.09431,40645.0,10.61,31545970.0,325806,396252,1044766,180232,138526,635571,78624,317628,0,36,12.100000000000001,3
24,matpower/case2848rte,2017-08-01,3,800.0899999999999,2.54,6.43,1.22,893.6,0.0,0,0.1,1082.0,539928.0,31122970.11845,31091854.95256,237180.0,56.9,30787580.0,450195,563289,1430918,254229,192753,894607,77042,115711,0,393,68.97,9
25,matpower/case2848rte,2017-02-01,1,312.55,2.57,6.32,1.18,393.07,0.0,0,0.039,360.0,308872.0,27554651.35595,27544009.99044,220016.0,76.19999999999999,27506420.0,456001,566503,1457508,263806,196153,920717,79602,116551,0,295,56.010000000000005,7
26,matpower/case2848rte,2017-02-01,2,268.57,2.52,5.02,1.15,331.64,0.0,0,0.096,227.0,214778.0,27558894.83377,27532338.72496,145409.0,54.940000000000005,27507190.0,456067,566525,1457640,263828,196179,920794,107856,458669,0,317,41.32,5
27,matpower/case2848rte,2017-08-01,2,572.7099999999999,2.42,5.36,1.15,651.4,0.0,0,0.096,1056.0,421008.0,31117688.64305,31087788.0593,178674.0,49.6,30787580.0,450177,563283,1430882,254223,192746,894588,77042,115704,0,387,53.83,7
28,matpower/case2848rte,2017-02-01,3,251.28000000000003,2.34,5.31,1.03,312.64,0.0,0,0.098,177.0,212422.0,27559315.57727,27532334.20481,147152.0,53.04,27507190.0,456079,566529,1457664,263832,196183,920810,107856,458673,0,321,40.0,5
29,matpower/case2848rte,2017-08-01,1,729.1899999999999,2.43,6.88,1.11,819.67,0.0,0,0.085,1066.0,424059.0,31117921.52736,31091411.61629,204019.0,64.44999999999999,30787580.0,450186,563286,1430900,254226,192749,894596,77042,115707,0,390,62.489999999999995,8
30,matpower/case2868rte,2017-08-01,3,341.74,2.21,5.76,1.16,387.09,0.0,0,0.099,1057.0,193498.0,31654803.85944,31623632.07218,48950.0,9.17,31356660.0,481969,586117,1532442,275554,209103,964356,114480,471637,0,37,24.71,3
31,matpower/case2868rte,2017-02-01,1,127.83000000000001,2.74,6.47,1.36,179.22,0.0,0,0.079,63.0,116317.0,28430233.87396,28407757.93316,64972.0,14.580000000000002,28383920.0,489877,590369,1566737,286406,213882,993519,118440,471929,0,41,25.47,3
32,matpower/case2868rte,2017-02-01,2,161.19,2.98,6.07,1.31,218.3,0.0,0,0.069,187.0,162868.0,28430703.58602,28411103.71819,97413.0,28.78,28383960.0,489880,590370,1566743,286407,213884,993524,86922,126962,0,42,32.11,4
33,matpower/case2868rte,2017-08-01,2,393.42,2.56,6.6,1.09,441.48,0.0,0,0.09,1043.0,201649.0,31654812.14717,31626213.71278,48950.0,9.879999999999999,31356660.0,481969,586117,1532442,275554,209103,964356,114480,471637,0,37,24.259999999999998,3
34,matpower/case2868rte,2017-02-01,3,120.72,2.41,5.07,1.06,164.65,0.0,0,0.053,139.0,120857.0,28426193.01733,28411252.22282,64890.0,14.98,28383920.0,489877,590369,1566737,286406,213882,993519,118440,471929,0,41,23.75,3
35,matpower/case2868rte,2017-08-01,1,408.17,2.88,5.37,1.25,453.69,0.0,0,0.098,1054.0,199828.0,31654811.00374,31623792.86931,48950.0,13.34,31356660.0,481969,586117,1532442,275554,209103,964356,114480,471637,0,37,23.689999999999998,3
36,matpower/case300,2017-08-01,3,1.33,2.37,3.07,0.55,17.45,0.0,0,0.031,2.0,24046.0,28145360.87761,28136588.23032,12023.0,0.84,28136590.0,59514,66204,190228,36906,25454,123176,14904,51300,0,0,1.12,2
37,matpower/case300,2017-02-01,1,1.09,1.93,2.58,0.49,14.77,0.0,0,0.0,0.0,23724.0,19779491.78067,19779491.78066,11862.0,0.66,19779490.0,59328,66204,189895,36937,25480,123140,14904,51300,0,0,1.02,2
38,matpower/case300,2017-02-01,2,1.19,2.2,2.86,0.56,16.74,0.0,0,0.0,0.0,22848.0,19779491.78067,19779491.78066,11424.0,0.7,19779490.0,59328,66204,189895,36937,25480,123140,14904,51300,0,0,1.27,2
39,matpower/case300,2017-08-01,2,1.3,1.93,2.68,0.47,15.41,0.0,0,0.031,2.0,24792.0,28145360.87761,28136588.23032,12396.0,0.85,28136590.0,59514,66204,190228,36906,25454,123176,14904,51300,0,0,1.0699999999999998,2
40,matpower/case300,2017-02-01,3,1.18,1.94,2.81,0.48,15.65,0.0,0,0.0,0.0,23578.0,19779491.78067,19779491.78066,11789.0,0.69,19779490.0,59328,66204,189895,36937,25480,123140,14904,51300,0,0,1.1,2
41,matpower/case300,2017-08-01,1,1.3,1.92,2.46,0.53,15.06,0.0,0,0.031,2.0,24378.0,28145360.87761,28136588.23032,12189.0,0.85,28136590.0,59514,66204,190228,36906,25454,123176,14904,51300,0,0,1.03,2
42,matpower/case3375wp,2017-08-01,3,1153.73,2.5,6.36,1.3,1221.47,0.0,0,0.557,122.0,297614.0,22248738.83272,22124793.12089,176605.0,116.56,22012740.0,480388,619410,2283853,217491,252816,1332721,107496,511914,0,247,41.3,4
43,matpower/case3375wp,2017-02-01,1,500.77000000000004,2.72,7.82,1.69,600.66,0.0,0,0.047,357.0,486300.0,17617860.77186,17609647.82723,310075.0,170.04999999999998,17577000.0,479072,619838,2288230,224274,259751,1366564,64300,195451,0,242,68.92,6
44,matpower/case3375wp,2017-02-01,2,244.05,2.44,6.08,1.39,326.93,0.0,0,0.041,4.0,373253.0,17618032.20601,17610787.9439,232528.0,115.97,17577000.0,479066,619836,2282350,224268,259747,1362838,107784,512052,0,240,56.879999999999995,5
45,matpower/case3375wp,2017-08-01,2,1136.9,2.6,7.18,1.46,1223.43,0.0,0,0.268,119.0,392853.0,22196930.88081,22137377.45398,264631.0,179.78,22012740.0,480379,619407,2277026,217618,253372,1330681,107496,511911,0,244,56.46,5
46,matpower/case3375wp,2017-02-01,3,507.11,2.24,5.11,1.28,593.61,0.0,0,0.065,348.0,477405.0,17616645.69439,17605136.55445,310659.0,155.41000000000003,17577000.0,479072,619838,2288230,224274,259751,1366564,64300,195451,0,242,63.290000000000006,6
47,matpower/case3375wp,2017-08-01,1,1137.31,3.02,7.35,1.65,1224.42,0.0,0,0.348,229.0,368317.0,22213475.33908,22136122.9984,244797.0,151.1,22012740.0,480394,619412,2292974,217633,253384,1339439,107496,511916,0,249,56.47000000000001,5
48,matpower/case6468rte,2017-08-01,3,915.5799999999999,2.8,10.83,5.73,1281.01,0.0,0,0.508,6.0,1108825.0,87236816.98659,86793597.10339,1072877.0,476.10999999999996,86405430.0,1011052,1290616,6418829,642564,548666,3606832,169947,378719,0,730,311.53000000000003,6
49,matpower/case6468rte,2017-02-01,1,866.0799999999999,2.61,9.92,5.23,1276.86,0.0,0,0.214,12.0,1247508.0,66482336.59869,66339905.47839,1054183.0,383.22999999999996,66324320.0,1026557,1299189,5543220,659904,552935,3275736,237456,1061733,0,487,361.86,7
50,matpower/case6468rte,2017-02-01,2,865.8400000000001,2.76,10.99,6.13,1279.13,0.0,0,0.206,3.0,1434042.0,66469880.90848,66332994.33248,1234117.0,380.35,66324320.0,1026563,1299191,5554862,659913,552941,3278516,237456,1061735,0,489,361.9200000000001,7
51,matpower/case6468rte,2017-08-01,2,888.05,2.72,9.31,5.25,1256.83,0.0,0,0.609,6.0,1221287.0,87323696.3259,86791541.8661,1182896.0,439.76,86405500.0,1011076,1290624,6457669,642579,548676,3622199,169941,378735,0,728,316.78999999999996,6
52,matpower/case6468rte,2017-02-01,3,871.03,2.91,10.62,5.61,1286.1,0.0,0,0.203,3.0,1249174.0,66465555.87557,66330510.97925,1057526.0,455.0,66324320.0,1026557,1299189,5544678,659901,552932,3274580,237456,1061733,0,487,363.95000000000005,7
53,matpower/case6468rte,2017-08-01,1,880.19,3.06,10.54,6.29,1246.97,0.0,0,0.532,6.0,1111749.0,87263012.67398,86798801.61346,1074110.0,452.21999999999997,86410480.0,1011076,1290624,6476702,642624,548727,3626481,169953,378774,0,730,309.27,6
54,matpower/case6515rte,2017-08-01,3,949.6700000000001,3.4,10.46,5.86,1355.25,0.0,0,0.896,5.0,1662596.0,80857895.66543,80133465.58705,1374868.0,542.8000000000001,80089670.0,1079749,1338279,5694773,695101,585512,3498369,249912,1088367,0,483,351.81,7
55,matpower/case6515rte,2017-02-01,1,869.68,2.82,12.83,5.5,1292.88,0.0,0,0.878,4.0,1369223.0,66220715.52784,65639329.90233,1159674.0,421.75,65633960.0,1098626,1348288,5730184,716189,592055,3473952,259632,1088656,0,484,367.38,7
56,matpower/case6515rte,2017-02-01,2,873.41,2.36,10.85,5.18,1287.85,0.0,0,0.858,4.0,1427659.0,66207525.94226,65639276.83596,1218034.0,436.47999999999996,65633970.0,1098632,1348290,5738508,716205,592068,3476673,259632,1088658,0,486,361.5,7
57,matpower/case6515rte,2017-08-01,2,932.56,2.57,10.75,5.24,1347.6,0.0,0,0.826,5.0,1568884.0,80795208.17306,80127714.81376,1356297.0,424.21000000000004,80086900.0,1079728,1338272,5643334,695016,585416,3479739,249912,1088360,0,478,364.31,7
58,matpower/case6515rte,2017-02-01,3,863.25,2.62,9.92,5.19,1286.9,0.0,0,0.815,4.0,1462450.0,66178906.19051,65639550.17883,1252313.0,454.08,65634280.0,1098623,1348287,5722076,716170,592036,3469655,259632,1088655,0,483,373.22999999999996,7
59,matpower/case6515rte,2017-08-01,1,934.26,2.49,9.76,5.46,1343.76,0.0,0,0.873,5.0,1901976.0,80837984.99825,80132248.89521,1478787.0,430.02000000000004,80091530.0,1079767,1338285,5717287,695092,585497,3506510,249912,1088373,0,489,357.64,7
60,or-lib,20_0_5_w,1,1.66,1.86,2.26,,12.9,0.0,0,0.086,35.0,10082.0,3688084.419323,3684906.930858,2307.0,0.08,3665933.0,7250,4848,22693,5331,3678,21904,1267,2411,0,0,0.0,0
61,or-lib,200_0_7_w,1,21.18,1.83,2.48,,33.09,0.0,0,0.08,1.0,38968.0,37057655.43333,37027882.79193,20210.0,2.47,36893310.0,71894,48048,226244,51713,35674,159657,12335,23339,0,0,0.0,0
62,or-lib,100_0_1_w,2,8.13,1.8,2.33,,19.45,0.0,0,0.094,1.0,25866.0,17051033.49615,17034928.82319,15521.0,0.73,16969370.0,35974,24048,119092,25215,17556,90310,5932,11624,0,0,0.0,0
63,or-lib,100_0_5_w,1,6.08,1.95,2.46,,17.91,0.0,0,0.071,1.0,24849.0,17066766.16643,17054608.75996,16012.0,0.81,16994380.0,35982,24048,118743,25094,17441,89378,5916,11525,0,0,0.0,0
64,or-lib,200_0_3_w,1,17.44,1.92,2.58,,29.24,0.0,0,0.061,1.0,38483.0,30619533.53261,30600883.3787,18255.0,1.69,30491210.0,71860,48048,237725,49768,34630,169700,11727,22903,0,0,0.0,0
65,or-lib,75_0_2_w,1,13.48,1.89,2.35,,24.82,0.0,0,0.097,592.0,91740.0,12177529.91377,12165678.67094,9309.0,0.38,12120850.0,26992,18048,88953,19022,13205,69466,4498,8707,0,0,0.0,0
66,or-lib,20_0_5_w,2,1.92,1.91,2.36,,13.0,0.0,0,0.093,1.0,9068.0,3688282.434072,3684833.164499,2307.0,0.07,3665933.0,7250,4848,22693,5331,3678,21904,1267,2411,0,0,0.0,0
67,or-lib,200_0_9_w,1,16.46,1.99,2.74,,28.69,0.0,0,0.075,1.0,37675.0,36674879.25481,36647358.38878,19018.0,2.27,36509470.0,71896,48048,226647,51137,35424,157544,12151,23273,0,0,0.0,0
68,or-lib,200_0_3_w,2,18.96,1.86,2.48,,30.59,0.0,0,0.018,1.0,38669.0,30606427.26011,30601011.14396,18447.0,1.66,30491210.0,71860,48048,237725,49768,34630,169700,11727,22903,0,0,0.0,0
69,or-lib,200_0_9_w,2,30.14,1.93,2.71,,42.85,0.0,0,0.071,412.0,115096.0,36674273.01719,36648198.98317,19018.0,2.46,36509470.0,71896,48048,226647,51137,35424,157544,12151,23273,0,0,0.0,0
70,or-lib,20_0_1_w,2,2.72,1.95,2.45,,14.73,0.0,0,0.053,36.0,14365.0,2953312.678859,2951741.00329,2319.0,0.08,2939746.0,7254,4848,23963,5004,3490,22933,1172,2318,0,0,0.0,0
71,or-lib,20_0_1_w,1,2.25,2.15,2.6,,14.36,0.0,0,0.099,1.0,7213.0,2954418.305163,2951492.389383,2319.0,0.08,2939746.0,7254,4848,23963,5004,3490,22933,1172,2318,0,0,0.0,0
72,or-lib,200_0_7_w,3,29.92,1.85,2.42,,41.92,0.0,0,0.075,309.0,93137.0,37055732.41807,37027917.26884,20210.0,2.41,36893310.0,71894,48048,226244,51713,35674,159657,12335,23339,0,0,0.0,0
73,or-lib,200_0_3_w,3,18.35,1.96,2.65,,30.71,0.0,0,0.071,1.0,37814.0,30622620.10501,30600844.58378,18128.0,1.61,30491210.0,71860,48048,237725,49768,34630,169700,11727,22903,0,0,0.0,0
74,or-lib,200_0_7_w,2,17.18,1.94,2.66,,29.05,0.0,0,0.08,1.0,36579.0,37056691.66375,37027140.52642,20210.0,2.53,36893310.0,71894,48048,226244,51713,35674,159657,12335,23339,0,0,0.0,0
75,or-lib,20_0_5_w,3,1.71,1.94,2.46,,13.19,0.0,0,0.099,3.0,6032.0,3688533.936977,3684896.14595,2307.0,0.07,3665933.0,7250,4848,22693,5331,3678,21904,1267,2411,0,0,0.0,0
76,or-lib,50_0_2_w,2,2.54,1.82,2.24,,13.5,0.0,0,0.05,1.0,10767.0,8446106.290732,8441890.46118,6334.0,0.29,8419149.0,18024,12048,59544,12642,8852,48881,2961,5891,0,0,0.0,0
77,or-lib,75_0_2_w,2,12.64,1.81,2.33,,23.86,0.0,0,0.096,319.0,58571.0,12177595.3932,12165957.54007,9438.0,0.48,12120850.0,26992,18048,88953,19022,13205,69466,4498,8707,0,0,0.0,0
78,or-lib,100_0_4_w,3,17.19,1.86,2.27,,28.52,0.0,0,0.06,989.0,112485.0,15485048.21045,15475767.42377,11261.0,0.61,15421660.0,35964,24048,118958,24885,17337,89186,5850,11487,0,0,0.0,0
79,or-lib,50_0_2_w,3,2.23,1.97,2.47,,13.67,0.0,0,0.083,1.0,10455.0,8448718.364538,8441684.837552,6334.0,0.29,8419149.0,18024,12048,59544,12642,8852,48881,2961,5891,0,0,0.0,0
80,or-lib,100_0_4_w,2,10.32,1.81,2.5,,22.29,0.0,0,0.083,1.0,25602.0,15488508.7279,15475682.47764,11260.0,0.58,15421660.0,35964,24048,118958,24885,17337,89186,5850,11487,0,0,0.0,0
81,or-lib,100_0_1_w,3,5.83,1.79,2.35,,16.9,0.0,0,0.063,1.0,23777.0,17045087.15521,17034295.23344,15219.0,0.74,16969370.0,35974,24048,119092,25215,17556,90310,5932,11624,0,0,0.0,0
82,or-lib,100_0_5_w,3,6.92,1.82,2.3,,18.56,0.0,0,0.086,1.0,25204.0,17069656.1135,17055029.54294,15884.0,0.76,16994380.0,35982,24048,118743,25094,17441,89378,5916,11525,0,0,0.0,0
83,or-lib,50_0_2_w,1,1.99,1.89,2.46,,13.49,0.0,0,0.081,1.0,9884.0,8447580.775238,8440723.213284,6334.0,0.29,8419149.0,18024,12048,59544,12642,8852,48881,2961,5891,0,0,0.0,0
84,or-lib,75_0_2_w,3,9.72,1.81,2.28,,20.9,0.0,0,0.076,34.0,29759.0,12174906.97498,12165660.36834,9369.0,0.49,12120850.0,26992,18048,88953,19022,13205,69466,4498,8707,0,0,0.0,0
85,or-lib,100_0_1_w,1,10.74,1.97,2.64,,22.73,0.0,0,0.057,89.0,40839.0,17044571.76799,17034919.73826,15299.0,0.75,16969370.0,35974,24048,119092,25215,17556,90310,5932,11624,0,0,0.0,0
86,or-lib,100_0_4_w,1,11.23,1.8,2.5,,22.79,0.0,0,0.069,136.0,40546.0,15486319.28567,15475646.59893,11095.0,0.58,15421660.0,35964,24048,118958,24885,17337,89186,5850,11487,0,0,0.0,0
87,or-lib,100_0_5_w,2,9.63,1.89,2.54,,21.44,0.0,0,0.087,1.0,27431.0,17070616.556,17055722.37791,15503.0,0.73,16994380.0,35982,24048,118743,25094,17441,89378,5916,11525,0,0,0.0,0
88,or-lib,20_0_1_w,3,2.69,2.11,2.5,,14.29,0.0,0,0.094,7.0,9713.0,2954602.697667,2951818.012849,2319.0,0.07,2939746.0,7254,4848,23963,5004,3490,22933,1172,2318,0,0,0.0,0
89,or-lib,200_0_9_w,3,26.04,1.95,2.7,,38.52,0.0,0,0.074,110.0,60873.0,36675219.41974,36648215.74113,19018.0,2.48,36509470.0,71896,48048,226647,51137,35424,157544,12151,23273,0,0,0.0,0
90,pglib-uc/ca,2015-03-01_reserves_0,2,11.87,2.01,4.04,,27.52,0.0,0,0.092,1.0,52341.0,31807.04430322,31777.85747063,25347.0,2.82,31774.03,403728,218400,990192,134416,113932,434665,77360,36572,0,0,0.0,0
91,pglib-uc/ca,2014-09-01_reserves_0,3,8.7,2.15,4.6,,24.84,0.0,0,0.06,1.0,25332.0,48255.48457848,48226.53875138,24741.0,2.76,48218.61,403728,218400,990192,134416,113932,433926,77360,36572,0,0,0.0,0
92,pglib-uc/ca,Scenario400_reserves_0,1,11.61,2.14,4.12,,25.9,0.0,0,0.047,1.0,32995.0,33545.81540594,33529.99824231,30621.0,5.45,33492.45,404206,218544,990763,134416,113980,437496,77360,36620,0,0,0.0,0
93,pglib-uc/ca,2015-03-01_reserves_1,2,27.89,1.97,4.1,,41.97,0.0,0,0.024,1.0,32890.0,31812.76438239,31805.30172461,29938.0,4.23,31796.83,403728,218400,990192,145625,134352,515784,77360,56992,0,0,0.0,0
94,pglib-uc/ca,Scenario400_reserves_0,3,12.64,2.14,4.31,,27.59,0.0,0,0.089,1.0,32587.0,33559.65285523,33529.74979604,30637.0,5.99,33492.45,404206,218544,990763,134416,113980,437496,77360,36620,0,0,0.0,0
95,pglib-uc/ca,2015-06-01_reserves_3,2,29.43,1.97,3.97,,43.59,0.0,0,0.042,1.0,32785.0,41817.99385635,41800.61307949,31512.0,5.32,41795.99,403728,218400,990192,145624,134352,514267,77360,56992,0,0,0.0,0
96,pglib-uc/ca,2014-09-01_reserves_5,3,28.12,2.02,3.99,,43.02,0.0,0,0.022,1.0,26899.0,48552.69888407,48542.0967764,25586.0,3.72,48534.06,403728,218400,990192,145624,134352,514845,77360,56992,0,0,0.0,0
97,pglib-uc/ca,Scenario400_reserves_0,2,12.72,2.08,4.16,,27.96,0.0,0,0.091,1.0,33540.0,33560.38821457,33529.92608,31245.0,5.75,33492.45,404206,218544,990763,134416,113980,437496,77360,36620,0,0,0.0,0
98,pglib-uc/ca,2015-06-01_reserves_5,3,34.77,1.93,4.05,,49.18,0.0,0,0.033,1.0,35014.0,41911.39433368,41897.78816944,32351.0,5.51,41892.53,403728,218400,990192,145624,134352,514761,77360,56992,0,0,0.0,0
99,pglib-uc/ca,2014-12-01_reserves_3,3,36.83,1.99,4.05,,51.58,0.0,0,0.087,1.0,36132.0,39375.83449534,39341.51945137,33405.0,8.62,39334.77,403728,218400,990192,145624,134352,513439,77360,56992,0,0,0.0,0
100,pglib-uc/ca,2014-12-01_reserves_1,3,31.92,1.97,4.06,,45.91,0.0,0,0.02,1.0,34834.0,39268.26872377,39260.36790968,31532.0,4.64,39254.57,403728,218400,990192,145625,134352,514212,77360,56992,0,0,0.0,0
101,pglib-uc/ca,2014-09-01_reserves_3,1,83.56,2.46,4.56,,100.22,0.0,0,0.014,671.0,69585.0,48408.89907606,48402.14408691,26429.0,4.28,48392.86,403728,218400,990192,145624,134352,513722,77360,56992,0,0,0.0,0
102,pglib-uc/ca,2014-12-01_reserves_1,1,34.43,2.0,4.19,,49.72,0.0,0,0.059,1.0,35405.0,39283.45376959,39260.33964475,31923.0,6.59,39254.57,403728,218400,990192,145625,134352,514212,77360,56992,0,0,0.0,0
103,pglib-uc/ca,2014-09-01_reserves_1,3,26.13,2.06,4.32,,40.89,0.0,0,0.013,1.0,27517.0,48285.04038256,48278.79674825,25872.0,3.63,48269.92,403728,218400,990192,145625,134352,512212,77360,56992,0,0,0.0,0
104,pglib-uc/ca,2015-06-01_reserves_5,1,38.72,2.26,5.11,,55.92,0.0,0,0.027,1.0,34169.0,41909.07738765,41897.72848807,31607.0,7.53,41892.53,403728,218400,990192,145624,134352,514761,77360,56992,0,0,0.0,0
105,pglib-uc/ca,2015-03-01_reserves_0,3,8.97,2.1,4.1,,25.1,0.0,0,0.057,1.0,26185.0,31796.22922601,31778.10714793,25256.0,3.72,31774.03,403728,218400,990192,134416,113932,434665,77360,36572,0,0,0.0,0
106,pglib-uc/ca,2015-06-01_reserves_5,2,64.23,1.99,4.02,,79.17,0.0,0,0.099,1.0,69611.0,41939.2690904,41897.81713749,33280.0,7.51,41892.53,403728,218400,990192,145624,134352,514761,77360,56992,0,0,0.0,0
107,pglib-uc/ca,Scenario400_reserves_3,1,65.91,2.18,4.27,,80.91,0.0,0,0.075,1.0,42472.0,33747.12674112,33721.66510731,32820.0,6.09,33679.44,404206,218544,990763,145624,134400,512284,77360,57040,0,0,0.0,0
108,pglib-uc/ca,2015-06-01_reserves_3,3,25.37,1.98,4.0,,39.74,0.0,0,0.009,1.0,32731.0,41804.69782522,41800.7289171,31165.0,5.41,41795.99,403728,218400,990192,145624,134352,514267,77360,56992,0,0,0.0,0
109,pglib-uc/ca,Scenario400_reserves_1,1,45.31,2.13,4.16,,59.78,0.0,0,0.043,1.0,39742.0,33600.89930918,33586.60321749,33274.0,6.2,33545.76,404206,218544,990763,145625,134400,513932,77360,57040,0,0,0.0,0
110,pglib-uc/ca,2015-03-01_reserves_3,3,32.32,1.93,4.08,,46.24,0.0,0,0.086,1.0,36939.0,31904.29401595,31876.90068501,31516.0,4.7,31864.52,403728,218400,990192,145624,134352,513509,77360,56992,0,0,0.0,0
111,pglib-uc/ca,2014-09-01_reserves_1,1,25.68,2.02,4.52,,40.95,0.0,0,0.019,1.0,27183.0,48288.09967077,48278.7556904,25877.0,3.26,48269.92,403728,218400,990192,145625,134352,512212,77360,56992,0,0,0.0,0
112,pglib-uc/ca,2015-03-01_reserves_5,1,32.04,2.18,4.25,,47.14,0.0,0,0.1,1.0,34095.0,31983.10733621,31951.18771253,30607.0,4.35,31938.63,403728,218400,990192,145624,134352,512920,77360,56992,0,0,0.0,0
113,pglib-uc/ca,2015-06-01_reserves_0,1,6.99,2.56,5.59,,24.4,0.0,0,0.044,1.0,26321.0,41696.50064081,41678.13409814,26310.0,4.23,41678.13,403728,218400,990192,134416,113932,433920,77360,36572,0,0,0.0,0
114,pglib-uc/ca,2015-06-01_reserves_3,1,27.84,2.01,4.16,,42.42,0.0,0,0.073,1.0,32717.0,41831.00106803,41800.58532281,31369.0,6.49,41795.99,403728,218400,990192,145624,134352,514267,77360,56992,0,0,0.0,0
115,pglib-uc/ca,2014-09-01_reserves_5,1,27.0,2.2,4.39,,42.57,0.0,0,0.017,1.0,27239.0,48550.13498884,48542.14315314,25977.0,5.43,48534.06,403728,218400,990192,145624,134352,514845,77360,56992,0,0,0.0,0
116,pglib-uc/ca,2015-06-01_reserves_1,2,21.24,1.95,4.09,,35.19,0.0,0,0.023,1.0,31915.0,41723.23946542,41713.58068687,30879.0,4.74,41709.7,403728,218400,990192,145625,134352,513870,77360,56992,0,0,0.0,0
117,pglib-uc/ca,2015-03-01_reserves_5,2,29.16,1.94,3.87,,43.58,0.0,0,0.099,1.0,35036.0,31983.16490115,31951.36243447,31451.0,4.68,31938.63,403728,218400,990192,145624,134352,512920,77360,56992,0,0,0.0,0
118,pglib-uc/ca,Scenario400_reserves_5,2,73.97,2.63,5.12,,90.68,0.0,0,0.067,1.0,44104.0,33899.93016499,33877.18770667,33853.0,8.98,33835.03,404206,218544,990763,145624,134400,514049,77360,57040,0,0,0.0,0
119,pglib-uc/ca,Scenario400_reserves_5,1,70.87,2.2,4.61,,86.12,0.0,0,0.046,1.0,43663.0,33892.38199897,33876.92908582,35404.0,7.33,33835.03,404206,218544,990763,145624,134400,514049,77360,57040,0,0,0.0,0
120,pglib-uc/ca,2015-03-01_reserves_1,3,15.74,2.0,4.15,,29.88,0.0,0,0.011,1.0,30478.0,31808.65924158,31805.31190353,28446.0,4.09,31796.83,403728,218400,990192,145625,134352,515784,77360,56992,0,0,0.0,0
121,pglib-uc/ca,2015-03-01_reserves_0,1,7.13,2.01,4.05,,21.47,0.0,0,0.069,1.0,26526.0,31800.04986681,31778.08169075,25681.0,3.21,31774.03,403728,218400,990192,134416,113932,434665,77360,36572,0,0,0.0,0
122,pglib-uc/ca,2014-12-01_reserves_1,2,31.0,1.97,4.12,,45.37,0.0,0,0.014,1.0,34717.0,39265.75768421,39260.35469319,31690.0,5.38,39254.57,403728,218400,990192,145625,134352,514212,77360,56992,0,0,0.0,0
123,pglib-uc/ca,2015-06-01_reserves_1,3,20.18,2.08,4.05,,34.71,0.0,0,0.088,1.0,32283.0,41750.26152226,41713.58325243,31353.0,4.65,41709.7,403728,218400,990192,145625,134352,513870,77360,56992,0,0,0.0,0
124,pglib-uc/ca,2015-03-01_reserves_1,1,25.82,2.06,4.28,,40.36,0.0,0,0.016,1.0,32365.0,31810.47245425,31805.301527,29521.0,4.15,31796.83,403728,218400,990192,145625,134352,515784,77360,56992,0,0,0.0,0
125,pglib-uc/ca,Scenario400_reserves_3,2,69.97,2.08,4.22,,85.14,0.0,0,0.074,1.0,45148.0,33746.69465007,33721.86665626,35659.0,8.26,33679.44,404206,218544,990763,145624,134400,512284,77360,57040,0,0,0.0,0
126,pglib-uc/ca,2014-12-01_reserves_0,3,8.53,2.34,4.53,,25.66,0.0,0,0.057,1.0,29047.0,39250.7280236,39228.46069503,28344.0,4.69,39223.77,403728,218400,990192,134416,113932,434775,77360,36572,0,0,0.0,0
127,pglib-uc/ca,2014-09-01_reserves_3,2,26.59,1.97,3.94,,40.76,0.0,0,0.07,1.0,27866.0,48435.91267718,48401.93065491,26191.0,3.87,48392.86,403728,218400,990192,145624,134352,513722,77360,56992,0,0,0.0,0
128,pglib-uc/ca,2015-06-01_reserves_1,1,27.28,2.17,4.55,,43.0,0.0,0,0.024,1.0,32279.0,41723.57036202,41713.58013168,31253.0,7.4,41709.7,403728,218400,990192,145625,134352,513870,77360,56992,0,0,0.0,0
129,pglib-uc/ca,2014-09-01_reserves_1,2,24.96,2.08,4.17,,39.83,0.0,0,0.007,1.0,27111.0,48282.09550778,48278.85185002,25647.0,3.58,48269.92,403728,218400,990192,145625,134352,512212,77360,56992,0,0,0.0,0
130,pglib-uc/ca,2014-12-01_reserves_5,2,36.69,2.02,4.04,,51.45,0.0,0,0.037,1.0,38419.0,39451.92727424,39437.26829515,34544.0,7.12,39429.85,403728,218400,990192,145624,134352,515082,77360,56992,0,0,0.0,0
131,pglib-uc/ca,2014-09-01_reserves_3,3,32.7,2.06,4.32,,48.1,0.0,0,0.063,1.0,28032.0,48432.50519557,48402.03004778,26381.0,5.32,48392.86,403728,218400,990192,145624,134352,513722,77360,56992,0,0,0.0,0
132,pglib-uc/ca,Scenario400_reserves_3,3,125.43,2.13,4.36,,140.43,0.0,0,0.079,1.0,82791.0,33748.73526508,33722.21166266,34137.0,7.4,33679.44,404206,218544,990763,145624,134400,512284,77360,57040,0,0,0.0,0
133,pglib-uc/ca,2014-09-01_reserves_0,1,11.51,2.71,6.6,,34.19,0.0,0,0.059,1.0,24973.0,48255.7132295,48227.48538252,24373.0,4.37,48218.61,403728,218400,990192,134416,113932,433926,77360,36572,0,0,0.0,0
134,pglib-uc/ca,2014-09-01_reserves_5,2,28.1,2.36,4.12,,43.16,0.0,0,0.018,1.0,27112.0,48550.91544186,48542.21276717,25679.0,3.03,48534.06,403728,218400,990192,145624,134352,514845,77360,56992,0,0,0.0,0
135,pglib-uc/ca,2015-03-01_reserves_3,2,11.76,2.04,4.1,,26.13,0.0,0,0.065,1.0,32444.0,31895.80395376,31875.04915569,30412.0,4.35,31864.52,403728,218400,990192,145624,134352,513509,77360,56992,0,0,0.0,0
136,pglib-uc/ca,2015-03-01_reserves_5,3,31.31,2.04,4.02,,45.76,0.0,0,0.081,1.0,34481.0,31977.2167748,31951.25559892,30625.0,4.72,31938.63,403728,218400,990192,145624,134352,512920,77360,56992,0,0,0.0,0
137,pglib-uc/ca,2014-12-01_reserves_0,1,9.42,1.99,4.01,,23.93,0.0,0,0.043,1.0,28514.0,39245.34842533,39228.42800818,27959.0,5.23,39223.77,403728,218400,990192,134416,113932,434775,77360,36572,0,0,0.0,0
138,pglib-uc/ca,2015-06-01_reserves_0,3,5.89,2.0,3.95,,21.69,0.0,0,0.044,1.0,25811.0,41696.544982,41678.13409814,25802.0,3.0,41678.13,403728,218400,990192,134416,113932,433920,77360,36572,0,0,0.0,0
139,pglib-uc/ca,2014-09-01_reserves_0,2,9.84,2.48,5.82,,27.88,0.0,0,0.036,1.0,25868.0,48244.97822821,48227.56585873,24781.0,2.94,48218.61,403728,218400,990192,134416,113932,433926,77360,36572,0,0,0.0,0
140,pglib-uc/ca,2015-03-01_reserves_3,1,38.19,2.0,4.19,,53.31,0.0,0,0.028,1.0,36342.0,31885.19482558,31876.25059627,32280.0,4.2,31864.52,403728,218400,990192,145624,134352,513509,77360,56992,0,0,0.0,0
141,pglib-uc/ca,Scenario400_reserves_5,3,73.41,2.13,4.15,,88.07,0.0,0,0.049,1.0,45898.0,33893.8200607,33877.16880848,36625.0,7.04,33835.03,404206,218544,990763,145624,134400,514049,77360,57040,0,0,0.0,0
142,pglib-uc/ca,2014-12-01_reserves_5,3,40.53,1.97,3.96,,55.1,0.0,0,0.084,1.0,37866.0,39470.55655736,39437.24606024,33833.0,7.94,39429.85,403728,218400,990192,145624,134352,515082,77360,56992,0,0,0.0,0
143,pglib-uc/ca,2014-12-01_reserves_0,2,7.47,2.01,4.03,,22.2,0.0,0,0.047,1.0,27890.0,39246.85192107,39228.4135503,27294.0,3.5,39223.77,403728,218400,990192,134416,113932,434775,77360,36572,0,0,0.0,0
144,pglib-uc/ca,2014-12-01_reserves_3,1,40.02,2.26,4.55,,56.36,0.0,0,0.064,1.0,37920.0,39366.77928562,39341.51204384,35000.0,8.3,39334.77,403728,218400,990192,145624,134352,513439,77360,56992,0,0,0.0,0
145,pglib-uc/ca,Scenario400_reserves_1,2,48.36,2.23,4.38,,63.52,0.0,0,0.016,1.0,39973.0,33592.08435565,33586.59443483,34591.0,7.38,33545.76,404206,218544,990763,145625,134400,513932,77360,57040,0,0,0.0,0
146,pglib-uc/ca,2014-12-01_reserves_3,2,27.3,1.97,3.92,,41.54,0.0,0,0.012,1.0,37425.0,39346.09819995,39341.52636712,34290.0,7.09,39334.77,403728,218400,990192,145624,134352,513439,77360,56992,0,0,0.0,0
147,pglib-uc/ca,Scenario400_reserves_1,3,20.03,2.2,4.11,,34.64,0.0,0,0.036,1.0,39259.0,33598.22363905,33586.20185083,35013.0,5.6,33545.76,404206,218544,990763,145625,134400,513932,77360,57040,0,0,0.0,0
148,pglib-uc/ca,2015-06-01_reserves_0,2,6.49,1.97,4.62,,22.16,0.0,0,0.044,1.0,26041.0,41696.42749447,41678.13409814,26030.0,3.89,41678.13,403728,218400,990192,134416,113932,433920,77360,36572,0,0,0.0,0
149,pglib-uc/ca,2014-12-01_reserves_5,1,43.9,2.1,4.34,,59.21,0.0,0,0.045,1.0,39779.0,39454.98218988,39437.25538194,35500.0,11.78,39429.85,403728,218400,990192,145624,134352,515082,77360,56992,0,0,0.0,0
150,pglib-uc/ferc,2015-11-02_hw,3,372.81,2.47,5.85,,392.21,0.0,0,0.028,1.0,157591.0,49853805.94239,49839676.57369,146098.0,98.92,49740350.0,611732,373152,2239597,386402,283887,2319813,123397,160490,0,0,0.0,0
151,pglib-uc/ferc,2015-12-01_hw,1,184.89,2.36,5.42,,202.45,0.0,0,0.009,1.0,145461.0,36829761.11099,36826575.07785,139071.0,88.8,36783750.0,611732,373152,2239597,386402,283887,2319813,123397,160490,0,0,0.0,0
152,pglib-uc/ferc,2015-02-01_hw,1,1156.12,2.78,6.92,,1177.9,0.0,0,0.058,353.0,185944.0,46128565.3029,46102050.28271,144693.0,99.93,45938470.0,611732,373152,2239597,386404,283887,2319827,123397,160490,0,0,0.0,0
153,pglib-uc/ferc,2015-12-01_lw,3,116.61,2.64,6.93,,138.28,0.0,0,0.015,1.0,94900.0,76315286.7373,76303974.9493,89750.0,63.59,76271760.0,611732,373152,2239597,386402,283887,2319813,123397,160490,0,0,0.0,0
154,pglib-uc/ferc,2015-02-01_lw,1,83.13,2.64,6.22,,101.68,0.0,0,0.099,1.0,90078.0,97278245.12036,97182176.17707,86037.0,45.49,97141710.0,611732,373152,2239597,386401,283887,2319806,123397,160490,0,0,0.0,0
155,pglib-uc/ferc,2015-04-01_lw,3,132.43,2.86,7.16,,154.71,0.0,0,0.089,1.0,95611.0,57036017.39393,56985406.82608,90368.0,64.31,56973590.0,624280,371952,2213831,372530,270714,2264582,119074,151640,0,0,0.0,0
156,pglib-uc/ferc,2015-11-02_hw,1,357.06,2.77,6.31,,376.77,0.0,0,0.035,1.0,157508.0,49856066.36945,49838389.38583,145834.0,87.49,49740350.0,611732,373152,2239597,386400,283887,2319799,123397,160490,0,0,0.0,0
157,pglib-uc/ferc,2015-06-01_lw,1,108.64,3.37,7.98,,131.68,0.0,0,0.031,1.0,89765.0,61341667.98985,61322798.69482,87498.0,72.24,61314530.0,624280,371952,2213831,372530,270714,2264582,119074,151640,0,0,0.0,0
158,pglib-uc/ferc,2015-01-01_hw,3,1200.11,2.36,5.48,,1218.28,0.0,0,0.272,1172.0,501490.0,41487678.7381,41374719.59987,150706.0,82.64,40784350.0,611732,373152,2239597,386399,283887,2319795,123397,160490,0,0,0.0,0
159,pglib-uc/ferc,2015-02-01_lw,3,122.46,2.68,6.11,,141.32,0.0,0,0.098,1.0,91515.0,97281304.63806,97186303.81996,85686.0,66.92,97141710.0,611732,373152,2239597,386406,283887,2319841,123397,160490,0,0,0.0,0
160,pglib-uc/ferc,2015-01-01_lw,2,85.43,2.96,5.73,,104.8,0.0,0,0.094,1.0,86548.0,84810477.01227,84730872.09878,85875.0,65.75,84730870.0,611732,373152,2239597,386400,283887,2319805,123397,160490,0,0,0.0,0
161,pglib-uc/ferc,2015-08-01_lw,1,95.71,2.55,6.33,,114.98,0.0,0,0.088,1.0,91518.0,81518426.20542,81446469.53273,88557.0,54.4,81427660.0,624280,371952,2213831,372530,270714,2264582,119074,151640,0,0,0.0,0
162,pglib-uc/ferc,2015-10-01_lw,2,129.98,2.43,6.41,,149.92,0.0,0,0.065,1.0,107653.0,61167368.5621,61127567.60442,99792.0,79.63,61075730.0,611732,373152,2239597,386402,283887,2319813,123397,160490,0,0,0.0,0
163,pglib-uc/ferc,2015-07-01_lw,1,84.8,2.45,7.58,,107.32,0.0,0,0.063,1.0,92215.0,70673747.55086,70629207.71242,90120.0,58.33,70619610.0,624280,371952,2213831,372524,270714,2264540,119074,151640,0,0,0.0,0
164,pglib-uc/ferc,2015-08-01_hw,1,224.63,2.89,6.61,,244.11,0.0,0,0.026,1.0,147544.0,49664157.05721,49651234.77584,136375.0,107.33,49594750.0,624280,371952,2213831,372525,270714,2264547,119074,151640,0,0,0.0,0
165,pglib-uc/ferc,2015-10-01_hw,1,157.29,2.79,6.84,,177.17,0.0,0,0.096,1.0,124734.0,13643653.43486,13630609.05442,116853.0,75.54,13528680.0,611732,373152,2239597,386402,283887,2319813,123397,160490,0,0,0.0,0
166,pglib-uc/ferc,2015-04-01_hw,3,192.71,2.88,7.17,,213.85,0.0,0,0.036,1.0,138336.0,20909153.23025,20901642.70878,130956.0,103.4,20859210.0,624280,371952,2213831,372526,270714,2264551,119074,151640,0,0,0.0,0
167,pglib-uc/ferc,2015-09-01_lw,1,122.33,3.1,6.74,,144.38,0.0,0,0.051,1.0,125623.0,115077634.6212,115018678.0089,117886.0,69.45,114547100.0,624280,371952,2213831,372530,270714,2264582,119074,151640,0,0,0.0,0
168,pglib-uc/ferc,2015-11-02_lw,1,108.49,2.79,5.91,,126.87,0.0,0,0.023,1.0,104709.0,66715631.34173,66700540.30047,99476.0,71.29,66666920.0,611732,373152,2239597,386402,283887,2319816,123397,160490,0,0,0.0,0
169,pglib-uc/ferc,2015-06-01_lw,3,109.12,2.84,7.46,,132.49,0.0,0,0.03,1.0,91576.0,61340940.69057,61322780.98589,88430.0,73.71,61314530.0,624280,371952,2213831,372531,270714,2264589,119074,151640,0,0,0.0,0
170,pglib-uc/ferc,2015-01-01_lw,1,83.12,2.52,5.9,,102.68,0.0,0,0.096,1.0,85192.0,84812250.28139,84730872.09878,84330.0,63.41,84730870.0,611732,373152,2239597,386402,283887,2319813,123397,160490,0,0,0.0,0
171,pglib-uc/ferc,2015-01-01_hw,2,1200.04,2.76,6.79,,1221.57,0.0,0,0.231,1175.0,451199.0,41492012.48027,41396276.73456,150366.0,76.92,40784350.0,611732,373152,2239597,386402,283887,2319816,123397,160490,0,0,0.0,0
172,pglib-uc/ferc,2015-03-01_lw,3,117.04,2.32,5.67,,134.38,0.0,0,0.076,1.0,85866.0,103748785.8582,103670329.0093,80891.0,53.17,103651700.0,611732,373152,2239597,386405,283887,2319834,123397,160490,0,0,0.0,0
173,pglib-uc/ferc,2015-08-01_hw,2,201.18,3.32,6.47,,221.04,0.0,0,0.027,1.0,147122.0,49664532.85793,49651247.72122,136293.0,106.67,49594750.0,624280,371952,2213831,372527,270714,2264561,119074,151640,0,0,0.0,0
174,pglib-uc/ferc,2015-04-01_hw,2,178.59,2.82,7.16,,200.34,0.0,0,0.061,1.0,137771.0,20914154.89519,20901379.72757,130893.0,98.46,20859210.0,624280,371952,2213831,372522,270714,2264523,119074,151640,0,0,0.0,0
175,pglib-uc/ferc,2015-06-01_hw,3,149.08,3.02,6.83,,170.26,0.0,0,0.046,1.0,140094.0,50589384.03903,50565852.01419,135894.0,100.97,50544710.0,624280,371952,2213831,372522,270714,2264526,119074,151640,0,0,0.0,0
176,pglib-uc/ferc,2015-07-01_lw,2,103.31,2.86,6.97,,125.1,0.0,0,0.062,1.0,91130.0,70673381.73921,70629183.58084,88927.0,69.27,70619610.0,624280,371952,2213831,372527,270714,2264561,119074,151640,0,0,0.0,0
177,pglib-uc/ferc,2015-10-01_lw,3,117.87,2.56,5.81,,137.71,0.0,0,0.075,1.0,103874.0,61173625.65792,61127613.52355,96595.0,58.69,61075730.0,611732,373152,2239597,386401,283887,2319806,123397,160490,0,0,0.0,0
178,pglib-uc/ferc,2015-03-01_lw,2,108.51,2.81,7.29,,129.67,0.0,0,0.075,1.0,85421.0,103748603.1041,103670400.1819,80005.0,43.47,103651700.0,611732,373152,2239597,386399,283887,2319792,123397,160490,0,0,0.0,0
179,pglib-uc/ferc,2015-06-01_lw,2,126.86,2.84,7.37,,150.6,0.0,0,0.086,1.0,93396.0,61376312.24818,61323422.53797,89801.0,80.06,61314530.0,624280,371952,2213831,372525,270714,2264547,119074,151640,0,0,0.0,0
180,pglib-uc/ferc,2015-09-01_hw,1,299.57,2.77,6.64,,319.39,0.0,0,0.07,1.0,148534.0,91804139.44392,91739536.47222,139387.0,94.61,91514240.0,624280,371952,2213831,372532,270714,2264596,119074,151640,0,0,0.0,0
181,pglib-uc/ferc,2015-12-01_lw,2,130.38,2.29,5.82,,149.51,0.0,0,0.017,1.0,97995.0,76316697.33863,76303977.87902,93141.0,70.25,76271760.0,611732,373152,2239597,386400,283887,2319802,123397,160490,0,0,0.0,0
182,pglib-uc/ferc,2015-07-01_hw,1,144.2,3.07,7.31,,166.08,0.0,0,0.089,1.0,138791.0,55070334.33341,55021276.02878,134163.0,89.31,54998010.0,624280,371952,2213831,372531,270714,2264589,119074,151640,0,0,0.0,0
183,pglib-uc/ferc,2015-03-01_lw,1,115.89,2.77,5.58,,134.52,0.0,0,0.076,1.0,88503.0,103748774.0878,103670283.987,84103.0,57.09,103651700.0,611732,373152,2239597,386401,283887,2319806,123397,160490,0,0,0.0,0
184,pglib-uc/ferc,2015-10-01_hw,3,131.07,2.56,5.88,,149.29,0.0,0,0.096,1.0,116088.0,13642848.70907,13629762.39895,109154.0,76.35,13528680.0,611732,373152,2239597,386403,283887,2319820,123397,160490,0,0,0.0,0
185,pglib-uc/ferc,2015-12-01_lw,1,118.98,2.71,6.68,,139.16,0.0,0,0.013,1.0,99587.0,76313616.17062,76303765.76715,94483.0,54.08,76271760.0,611732,373152,2239597,386401,283887,2319809,123397,160490,0,0,0.0,0
186,pglib-uc/ferc,2015-04-01_lw,2,119.64,2.96,7.84,,143.68,0.0,0,0.089,1.0,93538.0,57036079.55791,56985398.23391,88528.0,59.1,56973590.0,624280,371952,2213831,372529,270714,2264575,119074,151640,0,0,0.0,0
187,pglib-uc/ferc,2015-11-02_hw,2,363.29,2.74,6.96,,383.92,0.0,0,0.029,1.0,156472.0,49852785.40397,49838551.90489,146007.0,99.79,49740350.0,611732,373152,2239597,386404,283887,2319827,123397,160490,0,0,0.0,0
188,pglib-uc/ferc,2015-10-01_hw,2,161.95,2.33,6.38,,181.49,0.0,0,0.098,1.0,120386.0,13644488.82385,13631150.90329,112686.0,93.87,13528680.0,611732,373152,2239597,386405,283887,2319834,123397,160490,0,0,0.0,0
189,pglib-uc/ferc,2015-06-01_hw,2,141.94,2.77,6.32,,160.75,0.0,0,0.017,1.0,139422.0,50574827.18277,50566427.17896,135542.0,98.22,50544710.0,624280,371952,2213831,372528,270714,2264568,119074,151640,0,0,0.0,0
190,pglib-uc/ferc,2015-12-01_hw,2,173.07,2.6,6.16,,191.54,0.0,0,0.052,1.0,145010.0,36845100.83006,36826016.00002,139150.0,95.19,36783750.0,611732,373152,2239597,386400,283887,2319799,123397,160490,0,0,0.0,0
191,pglib-uc/ferc,2015-10-01_lw,1,136.13,2.68,6.34,,155.64,0.0,0,0.046,1.0,107769.0,61155299.13888,61127355.81226,99841.0,87.38,61075730.0,611732,373152,2239597,386402,283887,2319813,123397,160490,0,0,0.0,0
192,pglib-uc/ferc,2015-02-01_hw,3,973.41,2.43,5.89,,991.31,0.0,0,0.083,151.0,173689.0,46127155.67485,46088835.68898,144798.0,98.15,45938470.0,611732,373152,2239597,386401,283887,2319806,123397,160490,0,0,0.0,0
193,pglib-uc/ferc,2015-06-01_hw,1,138.56,2.49,7.77,,159.32,0.0,0,0.046,1.0,139757.0,50589320.30219,50566197.8669,135895.0,91.22,50544710.0,624280,371952,2213831,372528,270714,2264568,119074,151640,0,0,0.0,0
194,pglib-uc/ferc,2015-09-01_lw,2,142.24,2.64,6.01,,162.25,0.0,0,0.093,1.0,127146.0,115127183.3487,115019932.0883,119103.0,81.96,114547100.0,624280,371952,2213831,372527,270714,2264561,119074,151640,0,0,0.0,0
195,pglib-uc/ferc,2015-03-01_hw,1,263.73,2.32,5.37,,281.03,0.0,0,0.08,1.0,112763.0,68502234.59071,68447637.56066,105735.0,94.32,68405540.0,611732,373152,2239597,386401,283887,2319809,123397,160490,0,0,0.0,0
196,pglib-uc/ferc,2015-02-01_hw,2,1152.04,2.63,7.04,,1172.11,0.0,0,0.082,729.0,197576.0,46125436.46812,46087761.28435,144665.0,100.3,45938470.0,611732,373152,2239597,386403,283887,2319820,123397,160490,0,0,0.0,0
197,pglib-uc/ferc,2015-07-01_hw,2,166.48,3.29,7.9,,190.17,0.0,0,0.089,1.0,138722.0,55070334.33341,55021276.33413,134274.0,105.53,54998010.0,624280,371952,2213831,372531,270714,2264589,119074,151640,0,0,0.0,0
198,pglib-uc/ferc,2015-05-01_hw,2,122.23,2.8,6.9,,142.8,0.0,0,0.015,1.0,130575.0,36646154.55925,36640562.96944,128145.0,93.18,36629550.0,624280,371952,2213831,372529,270714,2264575,119074,151640,0,0,0.0,0
199,pglib-uc/ferc,2015-08-01_lw,2,157.33,2.59,5.72,,176.15,0.0,0,0.008,1.0,93038.0,81454361.54321,81448056.59225,88942.0,60.26,81427660.0,624280,371952,2213831,372525,270714,2264547,119074,151640,0,0,0.0,0
200,pglib-uc/ferc,2015-12-01_hw,3,267.11,2.32,5.58,,285.27,0.0,0,0.084,1.0,268678.0,36857160.95293,36826215.02426,141231.0,93.41,36783750.0,611732,373152,2239597,386405,283887,2319834,123397,160490,0,0,0.0,0
201,pglib-uc/ferc,2015-09-01_lw,3,127.67,3.14,7.17,,148.82,0.0,0,0.066,1.0,123945.0,115094854.8318,115018782.5872,115843.0,66.79,114547100.0,624280,371952,2213831,372528,270714,2264568,119074,151640,0,0,0.0,0
202,pglib-uc/ferc,2015-08-01_lw,3,79.41,2.58,5.75,,98.18,0.0,0,0.089,1.0,91495.0,81513057.47921,81440591.00908,89823.0,54.73,81427660.0,624280,371952,2213831,372529,270714,2264575,119074,151640,0,0,0.0,0
203,pglib-uc/ferc,2015-03-01_hw,2,223.9,2.88,6.58,,244.98,0.0,0,0.076,1.0,114037.0,68500232.50133,68448438.20417,107148.0,70.77,68405540.0,611732,373152,2239597,386404,283887,2319830,123397,160490,0,0,0.0,0
204,pglib-uc/ferc,2015-04-01_lw,1,100.44,3.17,7.79,,122.12,0.0,0,0.089,1.0,92396.0,57035946.75612,56985439.03368,87442.0,49.97,56973590.0,624280,371952,2213831,372527,270714,2264561,119074,151640,0,0,0.0,0
205,pglib-uc/ferc,2015-07-01_hw,3,143.9,2.67,6.37,,163.95,0.0,0,0.089,1.0,139000.0,55070334.33341,55021276.02858,134177.0,97.45,54998010.0,624280,371952,2213831,372527,270714,2264561,119074,151640,0,0,0.0,0
206,pglib-uc/ferc,2015-07-01_lw,3,99.15,2.7,6.12,,118.37,0.0,0,0.062,1.0,94080.0,70673097.30476,70629183.19579,91896.0,73.59,70619610.0,624280,371952,2213831,372528,270714,2264568,119074,151640,0,0,0.0,0
207,pglib-uc/ferc,2015-01-01_lw,3,80.37,2.72,6.81,,103.37,0.0,0,0.096,1.0,87579.0,84812292.00228,84730872.09878,86754.0,57.94,84730870.0,611732,373152,2239597,386403,283887,2319820,123397,160490,0,0,0.0,0
208,pglib-uc/ferc,2015-05-01_lw,2,124.46,2.8,7.15,,146.25,0.0,0,0.005,1.0,94894.0,46625130.42859,46622554.72545,90910.0,56.97,46615930.0,624280,371952,2213831,372532,270714,2264593,119074,151640,0,0,0.0,0
209,pglib-uc/ferc,2015-05-01_lw,3,131.98,2.81,6.52,,151.35,0.0,0,0.006,1.0,93649.0,46625220.24404,46622545.35474,89588.0,53.47,46615930.0,624280,371952,2213831,372531,270714,2264586,119074,151640,0,0,0.0,0
210,pglib-uc/ferc,2015-08-01_hw,3,216.06,2.63,6.26,,238.37,0.0,0,0.026,1.0,147248.0,49664218.10959,49651235.41815,136449.0,103.03,49594750.0,624280,371952,2213831,372528,270714,2264568,119074,151640,0,0,0.0,0
211,pglib-uc/ferc,2015-05-01_hw,1,133.9,2.75,5.51,,151.29,0.0,0,0.004,1.0,131309.0,36644054.9032,36642737.42789,127988.0,97.33,36629550.0,624280,371952,2213831,372527,270714,2264561,119074,151640,0,0,0.0,0
212,pglib-uc/ferc,2015-09-01_hw,3,283.95,2.68,5.74,,303.12,0.0,0,0.032,1.0,135245.0,91770872.52527,91741598.02788,124111.0,90.69,91514250.0,624280,371952,2213831,372530,270714,2264582,119074,151640,0,0,0.0,0
213,pglib-uc/ferc,2015-11-02_lw,3,116.37,2.38,5.64,,133.83,0.0,0,0.023,1.0,105368.0,66715753.28741,66700551.1034,100261.0,81.98,66666920.0,611732,373152,2239597,386404,283887,2319827,123397,160490,0,0,0.0,0
214,pglib-uc/ferc,2015-05-01_hw,3,137.03,2.48,5.7,,155.46,0.0,0,0.004,1.0,131184.0,36644054.9032,36642737.42897,128050.0,94.33,36629550.0,624280,371952,2213831,372526,270714,2264554,119074,151640,0,0,0.0,0
215,pglib-uc/ferc,2015-02-01_lw,2,129.59,2.62,6.31,,149.76,0.0,0,0.08,1.0,90834.0,97264540.31527,97186551.87022,84889.0,61.69,97141710.0,611732,373152,2239597,386402,283887,2319813,123397,160490,0,0,0.0,0
216,pglib-uc/ferc,2015-09-01_hw,2,253.09,2.37,5.62,,271.23,0.0,0,0.041,1.0,133851.0,91778805.56107,91741533.29449,123196.0,97.23,91514240.0,624280,371952,2213831,372533,270714,2264603,119074,151640,0,0,0.0,0
217,pglib-uc/ferc,2015-11-02_lw,2,119.69,2.89,7.57,,141.09,0.0,0,0.038,1.0,153894.0,66725629.9807,66700224.66015,146952.0,79.4,66666920.0,611732,373152,2239597,386402,283887,2319813,123397,160490,0,0,0.0,0
218,pglib-uc/ferc,2015-03-01_hw,3,276.66,2.41,5.95,,295.0,0.0,0,0.076,1.0,110382.0,68500698.81133,68448872.33405,102657.0,86.04,68405540.0,611732,373152,2239597,386402,283887,2319813,123397,160490,0,0,0.0,0
219,pglib-uc/ferc,2015-04-01_hw,1,190.28,2.83,7.17,,211.58,0.0,0,0.081,1.0,137702.0,20918401.83698,20901436.44313,130804.0,109.53,20859210.0,624280,371952,2213831,372534,270714,2264610,119074,151640,0,0,0.0,0
220,pglib-uc/ferc,2015-05-01_lw,1,141.8,2.79,6.7,,162.98,0.0,0,0.006,1.0,95938.0,46625191.40436,46622549.32755,91748.0,62.83,46615930.0,624280,371952,2213831,372528,270714,2264565,119074,151640,0,0,0.0,0
221,pglib-uc/ferc,2015-01-01_hw,1,1200.08,2.39,5.65,,1217.8,0.0,0,0.26,1124.0,436525.0,41497653.97621,41389843.23708,150599.0,95.07,40784350.0,611732,373152,2239597,386401,283887,2319806,123397,160490,0,0,0.0,0
222,pglib-uc/rts_gmlc,2020-08-12,2,4.31,2.25,2.55,,16.41,0.0,0,0.032,1.0,14640.0,5059960.136758,5058327.788786,12970.0,0.72,5051774.0,89452,42768,226073,37636,28818,151269,11623,17188,0,0,0.0,0
223,pglib-uc/rts_gmlc,2020-12-23,2,25.22,2.33,3.08,,38.59,0.0,0,0.057,1481.0,113590.0,2706941.373537,2705393.839193,12954.0,0.8,2678354.0,89452,42768,226073,37084,28251,147033,11761,16483,0,0,0.0,0
224,pglib-uc/rts_gmlc,2020-11-25,1,70.08,2.51,3.02,,83.04,0.0,0,0.095,2002.0,188825.0,960836.4334909,959927.4264401,11839.0,0.95,942548.5,89452,42768,226073,34140,25227,138185,12497,12723,0,0,0.0,0
225,pglib-uc/rts_gmlc,2020-12-23,1,20.62,2.33,2.81,,33.4,0.0,0,0.089,681.0,51876.0,2707655.154697,2705231.410556,12954.0,0.87,2678354.0,89452,42768,226073,37084,28251,147033,11761,16483,0,0,0.0,0
226,pglib-uc/rts_gmlc,2020-04-03,3,19.65,2.24,2.71,,32.38,0.0,0,0.078,375.0,37803.0,2039568.17161,2037976.116556,12964.0,0.78,2032414.0,89452,42768,226073,36716,27873,147821,11853,16013,0,0,0.0,0
227,pglib-uc/rts_gmlc,2020-01-27,3,56.37,2.17,2.69,,68.42,0.0,0,0.07,1643.0,110923.0,1227465.92606,1226601.534801,14797.0,1.29,1203721.0,89452,42768,226073,35060,26172,140124,12267,13898,0,0,0.0,0
228,pglib-uc/rts_gmlc,2020-03-05,3,9.0,2.63,3.21,,24.24,0.0,0,0.1,1.0,27881.0,2506280.282215,2503775.472068,12887.0,0.96,2483204.0,89452,42768,226073,36532,27684,145413,11899,15778,0,0,0.0,0
229,pglib-uc/rts_gmlc,2020-07-06,2,6.41,2.35,2.72,,18.94,0.0,0,0.07,1.0,14614.0,3729149.544572,3726521.411539,12492.0,0.77,3720502.0,89452,42768,226073,37636,28818,148241,11623,17188,0,0,0.0,0
230,pglib-uc/rts_gmlc,2020-11-25,2,67.66,2.29,2.99,,80.72,0.0,0,0.1,2562.0,172755.0,960836.4334909,959876.7240867,11721.0,0.99,942548.5,89452,42768,226073,34140,25227,138185,12497,12723,0,0,0.0,0
231,pglib-uc/rts_gmlc,2020-07-06,3,5.74,2.12,2.64,,17.61,0.0,0,0.064,1.0,14651.0,3729309.591959,3726919.605297,12859.0,0.72,3720502.0,89452,42768,226073,37636,28818,148241,11623,17188,0,0,0.0,0
232,pglib-uc/rts_gmlc,2020-01-27,1,31.31,2.2,2.78,,43.91,0.0,0,0.098,731.0,63649.0,1227311.925917,1226113.109648,15018.0,1.29,1203721.0,89452,42768,226073,35060,26172,140124,12267,13898,0,0,0.0,0
233,pglib-uc/rts_gmlc,2020-10-27,2,32.91,2.13,2.62,,44.98,0.0,0,0.099,809.0,74972.0,1789100.591507,1787321.877366,13106.0,0.94,1776155.0,89452,42768,226073,36900,28062,148128,11807,16248,0,0,0.0,0
234,pglib-uc/rts_gmlc,2020-10-27,1,36.76,2.27,2.68,,48.97,0.0,0,0.097,1911.0,123109.0,1789149.686975,1787408.805446,13416.0,1.02,1776155.0,89452,42768,226073,36900,28062,148128,11807,16248,0,0,0.0,0
235,pglib-uc/rts_gmlc,2020-11-25,3,73.79,2.41,2.84,,86.69,0.0,0,0.096,1911.0,165744.0,960781.6234909,959855.7724846,11759.0,0.93,942548.5,89452,42768,226073,34140,25227,138185,12497,12723,0,0,0.0,0
236,pglib-uc/rts_gmlc,2020-01-27,2,46.12,2.58,3.61,,62.87,0.0,0,0.09,1121.0,96866.0,1227311.92606,1226202.956458,15229.0,1.76,1203721.0,89452,42768,226073,35060,26172,140124,12267,13898,0,0,0.0,0
237,pglib-uc/rts_gmlc,2020-03-05,2,14.87,2.22,2.81,,27.74,0.0,0,0.088,251.0,37019.0,2506282.343182,2504069.327726,12820.0,0.87,2483204.0,89452,42768,226073,36532,27684,145413,11899,15778,0,0,0.0,0
238,pglib-uc/rts_gmlc,2020-02-09,1,31.44,2.46,2.95,,44.14,0.0,0,0.077,707.0,80452.0,2167254.423192,2165577.067883,13076.0,0.72,2151950.0,89452,42768,226073,37636,28818,150120,11623,17188,0,0,0.0,0
239,pglib-uc/rts_gmlc,2020-06-09,3,2.78,2.23,2.74,,15.57,0.0,0,0.098,1.0,14752.0,3724015.397526,3720382.063561,13260.0,0.73,3712008.0,89452,42768,226073,37636,28818,150017,11623,17188,0,0,0.0,0
240,pglib-uc/rts_gmlc,2020-06-09,1,2.8,2.17,2.57,,14.95,0.0,0,0.099,1.0,14778.0,3724015.397526,3720346.914888,13260.0,0.73,3712008.0,89452,42768,226073,37636,28818,150017,11623,17188,0,0,0.0,0
241,pglib-uc/rts_gmlc,2020-10-27,3,32.62,2.15,2.6,,44.75,0.0,0,0.098,1681.0,139973.0,1789316.996829,1787570.191621,13356.0,1.03,1776155.0,89452,42768,226073,36900,28062,148128,11807,16248,0,0,0.0,0
242,pglib-uc/rts_gmlc,2020-03-05,1,7.72,2.54,2.85,,21.07,0.0,0,0.09,1.0,27303.0,2506280.282215,2504032.355285,12787.0,0.93,2483204.0,89452,42768,226073,36532,27684,145413,11899,15778,0,0,0.0,0
243,pglib-uc/rts_gmlc,2020-04-03,2,19.71,2.32,3.26,,33.03,0.0,0,0.088,302.0,35709.0,2039596.038438,2037806.49171,12818.0,0.76,2032414.0,89452,42768,226073,36716,27873,147821,11853,16013,0,0,0.0,0
244,pglib-uc/rts_gmlc,2020-07-06,1,5.45,2.14,2.6,,17.53,0.0,0,0.082,1.0,14024.0,3729355.041959,3726314.169156,12532.0,0.77,3720502.0,89452,42768,226073,37636,28818,148241,11623,17188,0,0,0.0,0
245,pglib-uc/rts_gmlc,2020-09-20,1,9.67,2.16,2.63,,21.95,0.0,0,0.094,1.0,15280.0,2957904.467929,2955118.981815,12514.0,0.8,2946509.0,89452,42768,226073,37452,28629,150688,11669,16953,0,0,0.0,0
246,pglib-uc/rts_gmlc,2020-09-20,3,12.62,2.2,2.54,,24.73,0.0,0,0.062,1.0,28028.0,2958030.800948,2956186.368618,12490.0,0.77,2946509.0,89452,42768,226073,37452,28629,150688,11669,16953,0,0,0.0,0
247,pglib-uc/rts_gmlc,2020-02-09,3,50.19,2.8,3.51,,67.8,0.0,0,0.092,938.0,112810.0,2167423.008723,2165431.960033,12843.0,1.11,2151950.0,89452,42768,226073,37636,28818,150120,11623,17188,0,0,0.0,0
248,pglib-uc/rts_gmlc,2020-09-20,2,11.01,2.14,2.57,,23.1,0.0,0,0.097,1.0,23754.0,2957949.990948,2955079.894153,12414.0,0.77,2946509.0,89452,42768,226073,37452,28629,150688,11669,16953,0,0,0.0,0
249,pglib-uc/rts_gmlc,2020-06-09,2,2.92,2.16,2.61,,16.03,0.0,0,0.075,1.0,14796.0,3723137.565921,3720344.39507,13260.0,0.82,3712008.0,89452,42768,226073,37636,28818,150017,11623,17188,0,0,0.0,0
250,pglib-uc/rts_gmlc,2020-05-05,1,31.17,2.12,2.52,,43.0,0.0,0,0.078,363.0,58207.0,2431155.837603,2429249.397251,14370.0,0.91,2418803.0,89452,42768,226073,37636,28818,149355,11623,17188,0,0,0.0,0
251,pglib-uc/rts_gmlc,2020-12-23,3,24.63,2.46,2.81,,37.48,0.0,0,0.093,883.0,100899.0,2707123.460063,2704609.112243,12989.0,0.77,2678354.0,89452,42768,226073,37084,28251,147033,11761,16483,0,0,0.0,0
252,pglib-uc/rts_gmlc,2020-05-05,3,27.52,2.12,2.8,,40.07,0.0,0,0.086,306.0,48661.0,2431205.874824,2429125.312135,14152.0,0.89,2418803.0,89452,42768,226073,37636,28818,149355,11623,17188,0,0,0.0,0
253,pglib-uc/rts_gmlc,2020-02-09,2,33.19,2.29,2.96,,46.1,0.0,0,0.099,1029.0,101283.0,2167254.422831,2165101.062308,13076.0,0.77,2151950.0,89452,42768,226073,37636,28818,150120,11623,17188,0,0,0.0,0
254,pglib-uc/rts_gmlc,2020-04-03,1,17.4,2.38,2.69,,30.15,0.0,0,0.096,14.0,35871.0,2039748.261242,2037796.286908,12849.0,0.79,2032414.0,89452,42768,226073,36716,27873,147821,11853,16013,0,0,0.0,0
255,pglib-uc/rts_gmlc,2020-08-12,1,2.64,2.52,2.8,,15.92,0.0,0,0.1,1.0,13939.0,5063129.105093,5058077.812258,12723.0,0.7,5051774.0,89452,42768,226073,37636,28818,151269,11623,17188,0,0,0.0,0
256,pglib-uc/rts_gmlc,2020-08-12,3,4.44,2.16,2.58,,16.52,0.0,0,0.033,1.0,14580.0,5059960.136758,5058318.161267,12970.0,0.74,5051774.0,89452,42768,226073,37636,28818,151269,11623,17188,0,0,0.0,0
257,pglib-uc/rts_gmlc,2020-05-05,2,26.66,2.15,2.91,,39.46,0.0,0,0.098,359.0,52420.0,2431368.482449,2428995.379872,14791.0,0.97,2418803.0,89452,42768,226073,37636,28818,149355,11623,17188,0,0,0.0,0
258,tejada19,UC_168h_199g,2,9.42,2.1,4.47,,24.79,0.0,0,0.091,1.0,34617.0,19873866.21979,19855826.77579,32600.0,4.09,19855830.0,501798,334656,1526527,298365,265874,1100180,98865,167009,0,0,0.0,0
259,tejada19,UC_168h_72g,3,2.58,1.83,3.13,,14.99,0.0,0,0.046,1.0,12555.0,8500463.100889,8496585.398095,11352.0,0.81,8496585.0,181862,121296,542167,108249,96408,382995,35825,60583,0,0,0.0,0
260,tejada19,UC_24h_1577g,2,14.99,1.94,5.04,,31.05,0.0,0,0.0,1.0,33013.0,24863887.11502,24863882.901,30652.0,8.76,24863880.0,566186,378528,1691285,316322,285984,1130285,101935,184049,0,0,0.0,0
261,tejada19,UC_24h_623g,3,3.4,1.9,3.26,,16.25,0.0,0,0.013,1.0,13651.0,8598775.305837,8597661.461106,12699.0,1.55,8597661.0,223692,149568,668031,125163,113098,447027,40329,72769,0,0,0.0,0
262,tejada19,UC_24h_623g,1,3.28,2.19,3.59,,16.88,0.0,0,0.013,1.0,13606.0,8598776.354112,8597661.461106,12647.0,1.43,8597661.0,223692,149568,668031,125163,113098,447027,40329,72769,0,0,0.0,0
263,tejada19,UC_24h_1888g,1,21.77,1.96,5.85,,39.05,0.0,0,0.0,1.0,40969.0,33982705.501,33982684.61013,37715.0,13.66,33982680.0,677872,453168,2021649,378393,342343,1346404,121957,220386,0,0,0.0,0
264,tejada19,UC_168h_131g,2,6.04,1.82,3.72,,19.46,0.0,0,0.087,1.0,24042.0,15535163.0862,15521635.10858,21437.0,2.2,15521640.0,330506,220416,1008454,196234,174957,728257,64974,109983,0,0,0.0,0
265,tejada19,UC_168h_131g,1,5.69,1.87,3.76,,19.31,0.0,0,0.089,1.0,23931.0,15535408.55811,15521635.10858,21311.0,2.07,15521640.0,330506,220416,1008454,196234,174957,728257,64974,109983,0,0,0.0,0
266,tejada19,UC_168h_86g,1,2.77,1.91,3.42,,15.69,0.0,0,0.044,1.0,13076.0,7881534.811726,7878026.988419,12178.0,0.87,7878027.0,217148,144816,648663,129095,115052,458674,42745,72307,0,0,0.0,0
267,tejada19,UC_24h_290g,3,1.25,1.79,2.61,,13.12,0.0,0,0.044,1.0,5572.0,3291765.626227,3290319.036893,5115.0,0.42,3290319.0,104166,69648,309968,58159,52592,205736,18754,33838,0,0,0.0,0
268,tejada19,UC_24h_959g,3,6.93,1.86,3.72,,20.44,0.0,0,0.0,1.0,20462.0,15348921.14688,15348917.61151,19094.0,3.54,15348920.0,344366,230208,1026102,191861,173764,681009,61840,111924,0,0,0.0,0
269,tejada19,UC_24h_959g,1,6.94,1.9,3.98,,20.7,0.0,0,0.0,1.0,20500.0,15348920.82105,15348917.61151,19124.0,3.67,15348920.0,344366,230208,1026102,191861,173764,681009,61840,111924,0,0,0.0,0
270,tejada19,UC_24h_290g,1,1.46,2.0,2.85,,14.3,0.0,0,0.044,1.0,5567.0,3291765.072115,3290319.036893,5114.0,0.53,3290319.0,104166,69648,309968,58159,52592,205736,18754,33838,0,0,0.0,0
271,tejada19,UC_168h_131g,3,5.58,1.86,3.71,,19.14,0.0,0,0.087,1.0,23968.0,15535138.12061,15521635.10858,21385.0,2.02,15521640.0,330506,220416,1008454,196234,174957,728257,64974,109983,0,0,0.0,0
272,tejada19,UC_168h_72g,2,2.5,1.84,3.09,,14.87,0.0,0,0.046,1.0,12822.0,8500470.576743,8496585.398095,11310.0,0.78,8496585.0,181862,121296,542167,108249,96408,382995,35825,60583,0,0,0.0,0
273,tejada19,UC_168h_199g,1,9.14,1.85,5.06,,24.44,0.0,0,0.09,1.0,34388.0,19873776.09966,19855826.77579,32366.0,3.85,19855830.0,501798,334656,1526527,298365,265874,1100180,98865,167009,0,0,0.0,0
274,tejada19,UC_24h_623g,2,3.52,1.9,3.24,,16.19,0.0,0,0.013,1.0,14372.0,8598789.377797,8597661.461106,12947.0,1.59,8597661.0,223692,149568,668031,125163,113098,447027,40329,72769,0,0,0.0,0
275,tejada19,UC_168h_130g,1,6.32,1.88,3.69,,19.69,0.0,0,0.03,1.0,25693.0,12098550.03857,12094874.04769,23033.0,2.21,12094870.0,327968,218736,995655,194608,173434,714954,64462,108972,0,0,0.0,0
276,tejada19,UC_24h_1577g,1,14.27,1.86,5.16,,30.22,0.0,0,0.0,1.0,32745.0,24863887.12259,24863882.901,30323.0,8.01,24863880.0,566186,378528,1691285,316322,285984,1130285,101935,184049,0,0,0.0,0
277,tejada19,UC_168h_130g,3,5.95,1.86,3.67,,19.21,0.0,0,0.031,1.0,24967.0,12098596.06881,12094874.04769,22959.0,2.04,12094870.0,327968,218736,995655,194608,173434,714954,64462,108972,0,0,0.0,0
278,tejada19,UC_168h_86g,3,2.91,1.8,3.53,,16.14,0.0,0,0.045,1.0,13068.0,7881603.781886,7878026.988419,12193.0,0.98,7878027.0,217148,144816,648663,129095,115052,458674,42745,72307,0,0,0.0,0
279,tejada19,UC_168h_72g,1,2.93,1.83,3.15,,15.88,0.0,0,0.046,1.0,12875.0,8500469.260318,8496585.398095,11378.0,0.87,8496585.0,181862,121296,542167,108249,96408,382995,35825,60583,0,0,0.0,0
280,tejada19,UC_24h_959g,2,6.97,1.88,3.66,,21.03,0.0,0,0.0,1.0,20560.0,15348924.023,15348917.61151,19164.0,3.73,15348920.0,344366,230208,1026102,191861,173764,681009,61840,111924,0,0,0.0,0
281,tejada19,UC_168h_199g,3,9.3,1.83,4.81,,24.37,0.0,0,0.087,1.0,34483.0,19873078.94207,19855826.77579,32524.0,4.02,19855830.0,501798,334656,1526527,298365,265874,1100180,98865,167009,0,0,0.0,0
282,tejada19,UC_168h_130g,2,6.21,1.81,3.65,,19.53,0.0,0,0.034,1.0,25132.0,12098988.04408,12094874.04769,23112.0,2.1,12094870.0,327968,218736,995655,194608,173434,714954,64462,108972,0,0,0.0,0
283,tejada19,UC_168h_86g,2,2.96,1.83,3.42,,15.92,0.0,0,0.045,1.0,13097.0,7881603.781886,7878026.988419,12193.0,0.85,7878027.0,217148,144816,648663,129095,115052,458674,42745,72307,0,0,0.0,0
284,tejada19,UC_24h_1577g,3,13.83,2.12,5.21,,29.76,0.0,0,0.0,1.0,32643.0,24863887.30643,24863882.901,30273.0,7.75,24863880.0,566186,378528,1691285,316322,285984,1130285,101935,184049,0,0,0.0,0
285,tejada19,UC_24h_1888g,3,20.68,1.94,5.68,,38.51,0.0,0,0.0,1.0,40942.0,33982706.18154,33982684.61013,37775.0,13.11,33982680.0,677872,453168,2021649,378393,342343,1346404,121957,220386,0,0,0.0,0
286,tejada19,UC_24h_1888g,2,20.47,1.95,6.45,,38.48,0.0,0,0.0,1.0,40783.0,33982706.22056,33982684.61013,37629.0,12.7,33982680.0,677872,453168,2021649,378393,342343,1346404,121957,220386,0,0,0.0,0
287,tejada19,UC_24h_290g,2,1.27,1.85,2.78,,13.34,0.0,0,0.044,1.0,5578.0,3291765.626227,3290319.036893,5115.0,0.43,3290319.0,104166,69648,309968,58159,52592,205736,18754,33838,0,0,0.0,0
